<?xml version="1.0" encoding="utf-8" standalone="yes"?>
<imgdir name="01012270.img">
    <imgdir name="info">
        <canvas name="icon" width="26" height="31">
            <vector name="origin" x="-4" y="32" />
        </canvas>
        <canvas name="iconRaw" width="23" height="30">
            <vector name="origin" x="-5" y="31" />
        </canvas>
        <string name="islot" value="Af" />
        <string name="vslot" value="Af" />
        <int name="reqJob" value="0" />
        <int name="reqLevel" value="0" />
        <int name="reqSTR" value="0" />
        <int name="reqDEX" value="0" />
        <int name="reqINT" value="0" />
        <int name="reqLUK" value="0" />
        <int name="incPDD" value="100" />
        <int name="incMDD" value="100" />
        <int name="incMAD" value="5" />
        <int name="incPAD" value="5" />
        <int name="tradeBlock" value="1" />
        <int name="notSale" value="1" />
        <int name="timeLimited" value="1" />
        <int name="tuc" value="5" />
        <int name="notExtend" value="1" />
        <int name="charmEXP" value="100" />
        <int name="charismaEXP" value="100" />
        <int name="setItemID" value="55" />
    </imgdir>
    <imgdir name="default">
        <canvas name="default" width="14" height="4">
            <vector name="origin" x="7" y="-16" />
            <imgdir name="map">
                <vector name="brow" x="0" y="0" />
            </imgdir>
            <string name="z" value="accessoryFaceOverFaceBelowCap" />
        </canvas>
    </imgdir>
    <imgdir name="blink">
        <imgdir name="0">
            <uol name="default" value="../../default/default" />
        </imgdir>
        <imgdir name="1">
            <uol name="default" value="../../default/default" />
        </imgdir>
        <imgdir name="2">
            <uol name="default" value="../../default/default" />
        </imgdir>
    </imgdir>
    <imgdir name="hit">
        <imgdir name="0">
            <uol name="default" value="../../default/default" />
        </imgdir>
    </imgdir>
    <imgdir name="smile">
        <imgdir name="0">
            <canvas name="default" width="14" height="4">
                <vector name="origin" x="7" y="-12" />
                <imgdir name="map">
                    <vector name="brow" x="0" y="0" />
                </imgdir>
                <string name="z" value="accessoryFaceOverFaceBelowCap" />
            </canvas>
        </imgdir>
    </imgdir>
    <imgdir name="troubled">
        <imgdir name="0">
            <uol name="default" value="../../default/default" />
        </imgdir>
    </imgdir>
    <imgdir name="cry">
        <imgdir name="0">
            <canvas name="default" width="14" height="4">
                <vector name="origin" x="9" y="-11" />
                <imgdir name="map">
                    <vector name="brow" x="0" y="0" />
                </imgdir>
                <string name="z" value="accessoryFaceOverFaceBelowCap" />
            </canvas>
        </imgdir>
    </imgdir>
    <imgdir name="angry">
        <imgdir name="0">
            <canvas name="default" width="14" height="4">
                <vector name="origin" x="7" y="-12" />
                <imgdir name="map">
                    <vector name="brow" x="0" y="0" />
                </imgdir>
                <string name="z" value="accessoryFaceOverFaceBelowCap" />
            </canvas>
        </imgdir>
    </imgdir>
    <imgdir name="bewildered">
        <imgdir name="0">
            <uol name="default" value="../../default/default" />
        </imgdir>
    </imgdir>
    <imgdir name="stunned">
        <imgdir name="0">
            <canvas name="default" width="14" height="4">
                <vector name="origin" x="7" y="-17" />
                <imgdir name="map">
                    <vector name="brow" x="0" y="0" />
                </imgdir>
                <string name="z" value="accessoryFaceOverFaceBelowCap" />
            </canvas>
        </imgdir>
    </imgdir>
    <imgdir name="vomit">
        <imgdir name="0">
            <uol name="default" value="../../default/default" />
        </imgdir>
        <imgdir name="1">
            <uol name="default" value="../../default/default" />
        </imgdir>
    </imgdir>
    <imgdir name="oops">
        <imgdir name="0">
            <uol name="default" value="../../default/default" />
        </imgdir>
    </imgdir>
    <imgdir name="cheers">
        <imgdir name="0">
            <canvas name="default" width="14" height="4">
                <vector name="origin" x="8" y="-12" />
                <imgdir name="map">
                    <vector name="brow" x="0" y="0" />
                </imgdir>
                <string name="z" value="accessoryFaceOverFaceBelowCap" />
            </canvas>
        </imgdir>
    </imgdir>
    <imgdir name="chu">
        <imgdir name="0">
            <canvas name="default" width="14" height="4">
                <vector name="origin" x="10" y="-13" />
                <imgdir name="map">
                    <vector name="brow" x="0" y="0" />
                </imgdir>
                <string name="z" value="accessoryFaceOverFaceBelowCap" />
            </canvas>
        </imgdir>
    </imgdir>
    <imgdir name="wink">
        <imgdir name="0">
            <uol name="default" value="../../default/default" />
        </imgdir>
    </imgdir>
    <imgdir name="pain">
        <imgdir name="0">
            <uol name="default" value="../../default/default" />
        </imgdir>
    </imgdir>
    <imgdir name="glitter">
        <imgdir name="0">
            <canvas name="default" width="14" height="4">
                <vector name="origin" x="8" y="-13" />
                <imgdir name="map">
                    <vector name="brow" x="0" y="0" />
                </imgdir>
                <string name="z" value="accessoryFaceOverFaceBelowCap" />
            </canvas>
        </imgdir>
        <imgdir name="1">
            <canvas name="default" width="14" height="4">
                <vector name="origin" x="8" y="-13" />
                <imgdir name="map">
                    <vector name="brow" x="0" y="0" />
                </imgdir>
                <string name="z" value="accessoryFaceOverFaceBelowCap" />
            </canvas>
        </imgdir>
    </imgdir>
    <imgdir name="despair">
        <imgdir name="0">
            <canvas name="default" width="14" height="4">
                <vector name="origin" x="7" y="-14" />
                <imgdir name="map">
                    <vector name="brow" x="0" y="0" />
                </imgdir>
                <string name="z" value="accessoryFaceOverFaceBelowCap" />
            </canvas>
        </imgdir>
        <imgdir name="1">
            <canvas name="default" width="14" height="4">
                <vector name="origin" x="7" y="-14" />
                <imgdir name="map">
                    <vector name="brow" x="0" y="0" />
                </imgdir>
                <string name="z" value="accessoryFaceOverFaceBelowCap" />
            </canvas>
        </imgdir>
    </imgdir>
    <imgdir name="love">
        <imgdir name="0">
            <canvas name="default" width="14" height="4">
                <vector name="origin" x="7" y="-13" />
                <imgdir name="map">
                    <vector name="brow" x="0" y="0" />
                </imgdir>
                <string name="z" value="accessoryFaceOverFaceBelowCap" />
            </canvas>
        </imgdir>
        <imgdir name="1">
            <canvas name="default" width="14" height="4">
                <vector name="origin" x="7" y="-13" />
                <imgdir name="map">
                    <vector name="brow" x="0" y="0" />
                </imgdir>
                <string name="z" value="accessoryFaceOverFaceBelowCap" />
            </canvas>
        </imgdir>
    </imgdir>
    <imgdir name="shine">
        <imgdir name="0">
            <canvas name="default" width="14" height="4">
                <vector name="origin" x="7" y="-14" />
                <imgdir name="map">
                    <vector name="brow" x="0" y="0" />
                </imgdir>
                <string name="z" value="accessoryFaceOverFaceBelowCap" />
            </canvas>
        </imgdir>
        <imgdir name="1">
            <canvas name="default" width="14" height="4">
                <vector name="origin" x="7" y="-14" />
                <imgdir name="map">
                    <vector name="brow" x="0" y="0" />
                </imgdir>
                <string name="z" value="accessoryFaceOverFaceBelowCap" />
            </canvas>
        </imgdir>
    </imgdir>
    <imgdir name="blaze">
        <imgdir name="0">
            <canvas name="default" width="14" height="4">
                <vector name="origin" x="5" y="-14" />
                <imgdir name="map">
                    <vector name="brow" x="0" y="0" />
                </imgdir>
                <string name="z" value="accessoryFaceOverFaceBelowCap" />
            </canvas>
        </imgdir>
        <imgdir name="1">
            <canvas name="default" width="14" height="4">
                <vector name="origin" x="6" y="-13" />
                <imgdir name="map">
                    <vector name="brow" x="0" y="0" />
                </imgdir>
                <string name="z" value="accessoryFaceOverFaceBelowCap" />
            </canvas>
        </imgdir>
    </imgdir>
    <imgdir name="hum">
        <imgdir name="0">
            <canvas name="default" width="14" height="4">
                <vector name="origin" x="8" y="-13" />
                <imgdir name="map">
                    <vector name="brow" x="0" y="0" />
                </imgdir>
                <string name="z" value="accessoryFaceOverFaceBelowCap" />
            </canvas>
        </imgdir>
        <imgdir name="1">
            <canvas name="default" width="14" height="4">
                <vector name="origin" x="8" y="-13" />
                <imgdir name="map">
                    <vector name="brow" x="0" y="0" />
                </imgdir>
                <string name="z" value="accessoryFaceOverFaceBelowCap" />
            </canvas>
        </imgdir>
    </imgdir>
    <imgdir name="bowing">
        <imgdir name="0">
            <canvas name="default" width="14" height="4">
                <vector name="origin" x="7" y="-15" />
                <imgdir name="map">
                    <vector name="brow" x="0" y="0" />
                </imgdir>
                <string name="z" value="accessoryFaceOverFaceBelowCap" />
            </canvas>
        </imgdir>
        <imgdir name="1">
            <canvas name="default" width="14" height="4">
                <vector name="origin" x="7" y="-15" />
                <imgdir name="map">
                    <vector name="brow" x="0" y="0" />
                </imgdir>
                <string name="z" value="accessoryFaceOverFaceBelowCap" />
            </canvas>
        </imgdir>
    </imgdir>
    <imgdir name="dam">
        <imgdir name="0">
            <canvas name="default" width="14" height="4">
                <vector name="origin" x="4" y="-14" />
                <imgdir name="map">
                    <vector name="brow" x="0" y="0" />
                </imgdir>
                <string name="z" value="accessoryFaceOverFaceBelowCap" />
            </canvas>
        </imgdir>
        <imgdir name="1">
            <canvas name="default" width="14" height="4">
                <vector name="origin" x="4" y="-14" />
                <imgdir name="map">
                    <vector name="brow" x="0" y="0" />
                </imgdir>
                <string name="z" value="accessoryFaceOverFaceBelowCap" />
            </canvas>
        </imgdir>
    </imgdir>
    <imgdir name="hot">
        <imgdir name="0">
            <canvas name="default" width="14" height="4">
                <vector name="origin" x="7" y="-12" />
                <imgdir name="map">
                    <vector name="brow" x="0" y="0" />
                </imgdir>
                <string name="z" value="accessoryFaceOverFaceBelowCap" />
            </canvas>
        </imgdir>
        <imgdir name="1">
            <canvas name="default" width="14" height="4">
                <vector name="origin" x="7" y="-11" />
                <imgdir name="map">
                    <vector name="brow" x="0" y="0" />
                </imgdir>
                <string name="z" value="accessoryFaceOverFaceBelowCap" />
            </canvas>
        </imgdir>
    </imgdir>
</imgdir>