<?xml version="1.0" encoding="utf-8" standalone="yes"?>
<imgdir name="01032074.img">
    <imgdir name="info">
        <canvas name="icon" width="33" height="32">
            <vector name="origin" x="1" y="31" />
        </canvas>
        <canvas name="iconRaw" width="29" height="28">
            <vector name="origin" x="-1" y="31" />
        </canvas>
        <string name="islot" value="Ae" />
        <string name="vslot" value="Ae" />
        <int name="reqJob" value="0" />
        <int name="reqLevel" value="0" />
        <int name="reqSTR" value="0" />
        <int name="reqDEX" value="0" />
        <int name="reqINT" value="0" />
        <int name="reqLUK" value="0" />
        <int name="cash" value="1" />
    </imgdir>
    <imgdir name="default">
        <canvas name="default" width="42" height="14">
            <vector name="origin" x="21" y="7" />
            <imgdir name="map">
                <vector name="brow" x="-3" y="-23" />
            </imgdir>
            <string name="z" value="accessoryEar" />
        </canvas>
    </imgdir>
    <imgdir name="backDefault">
        <canvas name="default" width="42" height="14">
            <vector name="origin" x="21" y="7" />
            <imgdir name="map">
                <vector name="brow" x="-4" y="-22" />
            </imgdir>
            <string name="z" value="backAccessoryEar" />
        </canvas>
    </imgdir>
    <imgdir name="walk1">
        <imgdir name="0">
            <canvas name="default" width="42" height="14">
                <vector name="origin" x="21" y="7" />
                <imgdir name="map">
                    <vector name="brow" x="-3" y="-23" />
                </imgdir>
                <string name="z" value="accessoryEar" />
            </canvas>
        </imgdir>
        <imgdir name="1">
            <canvas name="default" width="42" height="14">
                <vector name="origin" x="21" y="7" />
                <imgdir name="map">
                    <vector name="brow" x="-3" y="-23" />
                </imgdir>
                <string name="z" value="accessoryEar" />
            </canvas>
        </imgdir>
        <imgdir name="2">
            <canvas name="default" width="42" height="14">
                <vector name="origin" x="21" y="7" />
                <imgdir name="map">
                    <vector name="brow" x="-3" y="-23" />
                </imgdir>
                <string name="z" value="accessoryEar" />
            </canvas>
        </imgdir>
        <imgdir name="3">
            <canvas name="default" width="42" height="14">
                <vector name="origin" x="21" y="7" />
                <imgdir name="map">
                    <vector name="brow" x="-3" y="-23" />
                </imgdir>
                <string name="z" value="accessoryEar" />
            </canvas>
        </imgdir>
        <imgdir name="4">
            <canvas name="default" width="42" height="14">
                <vector name="origin" x="21" y="7" />
                <imgdir name="map">
                    <vector name="brow" x="-3" y="-23" />
                </imgdir>
                <string name="z" value="accessoryEar" />
            </canvas>
        </imgdir>
        <imgdir name="5">
            <canvas name="default" width="42" height="14">
                <vector name="origin" x="21" y="7" />
                <imgdir name="map">
                    <vector name="brow" x="-3" y="-23" />
                </imgdir>
                <string name="z" value="accessoryEar" />
            </canvas>
        </imgdir>
    </imgdir>
    <imgdir name="walk2">
        <imgdir name="0">
            <uol name="default" value="../../walk1/0/default" />
        </imgdir>
        <imgdir name="1">
            <uol name="default" value="../../walk1/1/default" />
        </imgdir>
        <imgdir name="2">
            <uol name="default" value="../../walk1/2/default" />
        </imgdir>
        <imgdir name="3">
            <uol name="default" value="../../walk1/3/default" />
        </imgdir>
        <imgdir name="4">
            <uol name="default" value="../../walk1/4/default" />
        </imgdir>
        <imgdir name="5">
            <uol name="default" value="../../walk1/5/default" />
        </imgdir>
    </imgdir>
    <imgdir name="stand1">
        <imgdir name="0">
            <uol name="default" value="../../walk1/0/default" />
        </imgdir>
        <imgdir name="1">
            <uol name="default" value="../../walk1/1/default" />
        </imgdir>
        <imgdir name="2">
            <uol name="default" value="../../walk1/2/default" />
        </imgdir>
        <imgdir name="3">
            <uol name="default" value="../../walk1/3/default" />
        </imgdir>
        <imgdir name="4">
            <uol name="default" value="../../walk1/4/default" />
        </imgdir>
        <imgdir name="5">
            <uol name="default" value="../../walk1/5/default" />
        </imgdir>
    </imgdir>
    <imgdir name="stand2">
        <imgdir name="0">
            <uol name="default" value="../../walk1/0/default" />
        </imgdir>
        <imgdir name="1">
            <uol name="default" value="../../walk1/1/default" />
        </imgdir>
        <imgdir name="2">
            <uol name="default" value="../../walk1/2/default" />
        </imgdir>
        <imgdir name="3">
            <uol name="default" value="../../walk1/3/default" />
        </imgdir>
        <imgdir name="4">
            <uol name="default" value="../../walk1/4/default" />
        </imgdir>
        <imgdir name="5">
            <uol name="default" value="../../walk1/5/default" />
        </imgdir>
    </imgdir>
    <imgdir name="alert">
        <imgdir name="0">
            <uol name="default" value="../../walk1/0/default" />
        </imgdir>
        <imgdir name="1">
            <uol name="default" value="../../walk1/1/default" />
        </imgdir>
        <imgdir name="2">
            <uol name="default" value="../../walk1/2/default" />
        </imgdir>
        <imgdir name="3">
            <uol name="default" value="../../walk1/3/default" />
        </imgdir>
        <imgdir name="4">
            <uol name="default" value="../../walk1/4/default" />
        </imgdir>
        <imgdir name="5">
            <uol name="default" value="../../walk1/5/default" />
        </imgdir>
    </imgdir>
    <imgdir name="swingO1">
        <imgdir name="0">
            <uol name="default" value="../../walk1/0/default" />
        </imgdir>
        <imgdir name="1">
            <uol name="default" value="../../walk1/1/default" />
        </imgdir>
        <imgdir name="2">
            <uol name="default" value="../../walk1/2/default" />
        </imgdir>
        <imgdir name="3">
            <uol name="default" value="../../walk1/3/default" />
        </imgdir>
        <imgdir name="4">
            <uol name="default" value="../../walk1/4/default" />
        </imgdir>
        <imgdir name="5">
            <uol name="default" value="../../walk1/5/default" />
        </imgdir>
    </imgdir>
    <imgdir name="swingO2">
        <imgdir name="0">
            <uol name="default" value="../../walk1/0/default" />
        </imgdir>
        <imgdir name="1">
            <uol name="default" value="../../walk1/1/default" />
        </imgdir>
        <imgdir name="2">
            <uol name="default" value="../../walk1/2/default" />
        </imgdir>
        <imgdir name="3">
            <uol name="default" value="../../walk1/3/default" />
        </imgdir>
        <imgdir name="4">
            <uol name="default" value="../../walk1/4/default" />
        </imgdir>
        <imgdir name="5">
            <uol name="default" value="../../walk1/5/default" />
        </imgdir>
    </imgdir>
    <imgdir name="swingO3">
        <imgdir name="0">
            <uol name="default" value="../../walk1/0/default" />
        </imgdir>
        <imgdir name="1">
            <uol name="default" value="../../walk1/1/default" />
        </imgdir>
        <imgdir name="2">
            <uol name="default" value="../../walk1/2/default" />
        </imgdir>
        <imgdir name="3">
            <uol name="default" value="../../walk1/3/default" />
        </imgdir>
        <imgdir name="4">
            <uol name="default" value="../../walk1/4/default" />
        </imgdir>
        <imgdir name="5">
            <uol name="default" value="../../walk1/5/default" />
        </imgdir>
    </imgdir>
    <imgdir name="swingOF">
        <imgdir name="0">
            <uol name="default" value="../../walk1/0/default" />
        </imgdir>
        <imgdir name="1">
            <uol name="default" value="../../walk1/1/default" />
        </imgdir>
        <imgdir name="2">
            <uol name="default" value="../../walk1/2/default" />
        </imgdir>
        <imgdir name="3">
            <uol name="default" value="../../walk1/3/default" />
        </imgdir>
        <imgdir name="4">
            <uol name="default" value="../../walk1/4/default" />
        </imgdir>
        <imgdir name="5">
            <uol name="default" value="../../walk1/5/default" />
        </imgdir>
    </imgdir>
    <imgdir name="swingT1">
        <imgdir name="0">
            <uol name="default" value="../../walk1/0/default" />
        </imgdir>
        <imgdir name="1">
            <uol name="default" value="../../walk1/1/default" />
        </imgdir>
        <imgdir name="2">
            <uol name="default" value="../../walk1/2/default" />
        </imgdir>
        <imgdir name="3">
            <uol name="default" value="../../walk1/3/default" />
        </imgdir>
        <imgdir name="4">
            <uol name="default" value="../../walk1/4/default" />
        </imgdir>
        <imgdir name="5">
            <uol name="default" value="../../walk1/5/default" />
        </imgdir>
    </imgdir>
    <imgdir name="swingT2">
        <imgdir name="0">
            <uol name="default" value="../../walk1/0/default" />
        </imgdir>
        <imgdir name="1">
            <uol name="default" value="../../walk1/1/default" />
        </imgdir>
        <imgdir name="2">
            <uol name="default" value="../../walk1/2/default" />
        </imgdir>
        <imgdir name="3">
            <uol name="default" value="../../walk1/3/default" />
        </imgdir>
        <imgdir name="4">
            <uol name="default" value="../../walk1/4/default" />
        </imgdir>
        <imgdir name="5">
            <uol name="default" value="../../walk1/5/default" />
        </imgdir>
    </imgdir>
    <imgdir name="swingT3">
        <imgdir name="0">
            <uol name="default" value="../../walk1/0/default" />
        </imgdir>
        <imgdir name="1">
            <uol name="default" value="../../walk1/1/default" />
        </imgdir>
        <imgdir name="2">
            <uol name="default" value="../../walk1/2/default" />
        </imgdir>
        <imgdir name="3">
            <uol name="default" value="../../walk1/3/default" />
        </imgdir>
        <imgdir name="4">
            <uol name="default" value="../../walk1/4/default" />
        </imgdir>
        <imgdir name="5">
            <uol name="default" value="../../walk1/5/default" />
        </imgdir>
    </imgdir>
    <imgdir name="swingTF">
        <imgdir name="0">
            <uol name="default" value="../../walk1/0/default" />
        </imgdir>
        <imgdir name="1">
            <uol name="default" value="../../walk1/1/default" />
        </imgdir>
        <imgdir name="2">
            <uol name="default" value="../../walk1/2/default" />
        </imgdir>
        <imgdir name="3">
            <uol name="default" value="../../walk1/3/default" />
        </imgdir>
        <imgdir name="4">
            <uol name="default" value="../../walk1/4/default" />
        </imgdir>
        <imgdir name="5">
            <uol name="default" value="../../walk1/5/default" />
        </imgdir>
    </imgdir>
    <imgdir name="swingP1">
        <imgdir name="0">
            <uol name="default" value="../../walk1/0/default" />
        </imgdir>
        <imgdir name="1">
            <uol name="default" value="../../walk1/1/default" />
        </imgdir>
        <imgdir name="2">
            <uol name="default" value="../../walk1/2/default" />
        </imgdir>
        <imgdir name="3">
            <uol name="default" value="../../walk1/3/default" />
        </imgdir>
        <imgdir name="4">
            <uol name="default" value="../../walk1/4/default" />
        </imgdir>
        <imgdir name="5">
            <uol name="default" value="../../walk1/5/default" />
        </imgdir>
    </imgdir>
    <imgdir name="swingP2">
        <imgdir name="0">
            <uol name="default" value="../../walk1/0/default" />
        </imgdir>
        <imgdir name="1">
            <uol name="default" value="../../walk1/1/default" />
        </imgdir>
        <imgdir name="2">
            <uol name="default" value="../../walk1/2/default" />
        </imgdir>
        <imgdir name="3">
            <uol name="default" value="../../walk1/3/default" />
        </imgdir>
        <imgdir name="4">
            <uol name="default" value="../../walk1/4/default" />
        </imgdir>
        <imgdir name="5">
            <uol name="default" value="../../walk1/5/default" />
        </imgdir>
    </imgdir>
    <imgdir name="swingPF">
        <imgdir name="0">
            <uol name="default" value="../../walk1/0/default" />
        </imgdir>
        <imgdir name="1">
            <uol name="default" value="../../walk1/1/default" />
        </imgdir>
        <imgdir name="2">
            <uol name="default" value="../../walk1/2/default" />
        </imgdir>
        <imgdir name="3">
            <uol name="default" value="../../walk1/3/default" />
        </imgdir>
        <imgdir name="4">
            <uol name="default" value="../../walk1/4/default" />
        </imgdir>
        <imgdir name="5">
            <uol name="default" value="../../walk1/5/default" />
        </imgdir>
    </imgdir>
    <imgdir name="stabO1">
        <imgdir name="0">
            <uol name="default" value="../../walk1/0/default" />
        </imgdir>
        <imgdir name="1">
            <uol name="default" value="../../walk1/1/default" />
        </imgdir>
        <imgdir name="2">
            <uol name="default" value="../../walk1/2/default" />
        </imgdir>
        <imgdir name="3">
            <uol name="default" value="../../walk1/3/default" />
        </imgdir>
        <imgdir name="4">
            <uol name="default" value="../../walk1/4/default" />
        </imgdir>
        <imgdir name="5">
            <uol name="default" value="../../walk1/5/default" />
        </imgdir>
    </imgdir>
    <imgdir name="stabO2">
        <imgdir name="0">
            <uol name="default" value="../../walk1/0/default" />
        </imgdir>
        <imgdir name="1">
            <uol name="default" value="../../walk1/1/default" />
        </imgdir>
        <imgdir name="2">
            <uol name="default" value="../../walk1/2/default" />
        </imgdir>
        <imgdir name="3">
            <uol name="default" value="../../walk1/3/default" />
        </imgdir>
        <imgdir name="4">
            <uol name="default" value="../../walk1/4/default" />
        </imgdir>
        <imgdir name="5">
            <uol name="default" value="../../walk1/5/default" />
        </imgdir>
    </imgdir>
    <imgdir name="stabOF">
        <imgdir name="0">
            <uol name="default" value="../../walk1/0/default" />
        </imgdir>
        <imgdir name="1">
            <uol name="default" value="../../walk1/1/default" />
        </imgdir>
        <imgdir name="2">
            <uol name="default" value="../../walk1/2/default" />
        </imgdir>
        <imgdir name="3">
            <uol name="default" value="../../walk1/3/default" />
        </imgdir>
        <imgdir name="4">
            <uol name="default" value="../../walk1/4/default" />
        </imgdir>
        <imgdir name="5">
            <uol name="default" value="../../walk1/5/default" />
        </imgdir>
    </imgdir>
    <imgdir name="stabT1">
        <imgdir name="0">
            <uol name="default" value="../../walk1/0/default" />
        </imgdir>
        <imgdir name="1">
            <uol name="default" value="../../walk1/1/default" />
        </imgdir>
        <imgdir name="2">
            <uol name="default" value="../../walk1/2/default" />
        </imgdir>
        <imgdir name="3">
            <uol name="default" value="../../walk1/3/default" />
        </imgdir>
        <imgdir name="4">
            <uol name="default" value="../../walk1/4/default" />
        </imgdir>
        <imgdir name="5">
            <uol name="default" value="../../walk1/5/default" />
        </imgdir>
    </imgdir>
    <imgdir name="stabT2">
        <imgdir name="0">
            <uol name="default" value="../../walk1/0/default" />
        </imgdir>
        <imgdir name="1">
            <uol name="default" value="../../walk1/1/default" />
        </imgdir>
        <imgdir name="2">
            <uol name="default" value="../../walk1/2/default" />
        </imgdir>
        <imgdir name="3">
            <uol name="default" value="../../walk1/3/default" />
        </imgdir>
        <imgdir name="4">
            <uol name="default" value="../../walk1/4/default" />
        </imgdir>
        <imgdir name="5">
            <uol name="default" value="../../walk1/5/default" />
        </imgdir>
    </imgdir>
    <imgdir name="stabTF">
        <imgdir name="0">
            <uol name="default" value="../../walk1/0/default" />
        </imgdir>
        <imgdir name="1">
            <uol name="default" value="../../walk1/1/default" />
        </imgdir>
        <imgdir name="2">
            <uol name="default" value="../../walk1/2/default" />
        </imgdir>
        <imgdir name="3">
            <uol name="default" value="../../walk1/3/default" />
        </imgdir>
        <imgdir name="4">
            <uol name="default" value="../../walk1/4/default" />
        </imgdir>
        <imgdir name="5">
            <uol name="default" value="../../walk1/5/default" />
        </imgdir>
    </imgdir>
    <imgdir name="shoot1">
        <imgdir name="0">
            <uol name="default" value="../../walk1/0/default" />
        </imgdir>
        <imgdir name="1">
            <uol name="default" value="../../walk1/1/default" />
        </imgdir>
        <imgdir name="2">
            <uol name="default" value="../../walk1/2/default" />
        </imgdir>
        <imgdir name="3">
            <uol name="default" value="../../walk1/3/default" />
        </imgdir>
        <imgdir name="4">
            <uol name="default" value="../../walk1/4/default" />
        </imgdir>
        <imgdir name="5">
            <uol name="default" value="../../walk1/5/default" />
        </imgdir>
    </imgdir>
    <imgdir name="shoot2">
        <imgdir name="0">
            <uol name="default" value="../../walk1/0/default" />
        </imgdir>
        <imgdir name="1">
            <uol name="default" value="../../walk1/1/default" />
        </imgdir>
        <imgdir name="2">
            <uol name="default" value="../../walk1/2/default" />
        </imgdir>
        <imgdir name="3">
            <uol name="default" value="../../walk1/3/default" />
        </imgdir>
        <imgdir name="4">
            <uol name="default" value="../../walk1/4/default" />
        </imgdir>
        <imgdir name="5">
            <uol name="default" value="../../walk1/5/default" />
        </imgdir>
    </imgdir>
    <imgdir name="shootF">
        <imgdir name="0">
            <uol name="default" value="../../walk1/0/default" />
        </imgdir>
        <imgdir name="1">
            <uol name="default" value="../../walk1/1/default" />
        </imgdir>
        <imgdir name="2">
            <uol name="default" value="../../walk1/2/default" />
        </imgdir>
        <imgdir name="3">
            <uol name="default" value="../../walk1/3/default" />
        </imgdir>
        <imgdir name="4">
            <uol name="default" value="../../walk1/4/default" />
        </imgdir>
        <imgdir name="5">
            <uol name="default" value="../../walk1/5/default" />
        </imgdir>
    </imgdir>
    <imgdir name="proneStab">
        <imgdir name="0">
            <uol name="default" value="../../walk1/0/default" />
        </imgdir>
        <imgdir name="1">
            <uol name="default" value="../../walk1/1/default" />
        </imgdir>
        <imgdir name="2">
            <uol name="default" value="../../walk1/2/default" />
        </imgdir>
        <imgdir name="3">
            <uol name="default" value="../../walk1/3/default" />
        </imgdir>
        <imgdir name="4">
            <uol name="default" value="../../walk1/4/default" />
        </imgdir>
        <imgdir name="5">
            <uol name="default" value="../../walk1/5/default" />
        </imgdir>
    </imgdir>
    <imgdir name="prone">
        <imgdir name="0">
            <uol name="default" value="../../walk1/0/default" />
        </imgdir>
        <imgdir name="1">
            <uol name="default" value="../../walk1/1/default" />
        </imgdir>
        <imgdir name="2">
            <uol name="default" value="../../walk1/2/default" />
        </imgdir>
        <imgdir name="3">
            <uol name="default" value="../../walk1/3/default" />
        </imgdir>
        <imgdir name="4">
            <uol name="default" value="../../walk1/4/default" />
        </imgdir>
        <imgdir name="5">
            <uol name="default" value="../../walk1/5/default" />
        </imgdir>
    </imgdir>
    <imgdir name="heal">
        <imgdir name="0">
            <uol name="default" value="../../walk1/0/default" />
        </imgdir>
        <imgdir name="1">
            <uol name="default" value="../../walk1/1/default" />
        </imgdir>
        <imgdir name="2">
            <uol name="default" value="../../walk1/2/default" />
        </imgdir>
        <imgdir name="3">
            <uol name="default" value="../../walk1/3/default" />
        </imgdir>
        <imgdir name="4">
            <uol name="default" value="../../walk1/4/default" />
        </imgdir>
        <imgdir name="5">
            <uol name="default" value="../../walk1/5/default" />
        </imgdir>
    </imgdir>
    <imgdir name="fly">
        <imgdir name="0">
            <uol name="default" value="../../walk1/0/default" />
        </imgdir>
        <imgdir name="1">
            <uol name="default" value="../../walk1/1/default" />
        </imgdir>
        <imgdir name="2">
            <uol name="default" value="../../walk1/2/default" />
        </imgdir>
        <imgdir name="3">
            <uol name="default" value="../../walk1/3/default" />
        </imgdir>
        <imgdir name="4">
            <uol name="default" value="../../walk1/4/default" />
        </imgdir>
        <imgdir name="5">
            <uol name="default" value="../../walk1/5/default" />
        </imgdir>
    </imgdir>
    <imgdir name="jump">
        <imgdir name="0">
            <uol name="default" value="../../walk1/0/default" />
        </imgdir>
        <imgdir name="1">
            <uol name="default" value="../../walk1/1/default" />
        </imgdir>
        <imgdir name="2">
            <uol name="default" value="../../walk1/2/default" />
        </imgdir>
        <imgdir name="3">
            <uol name="default" value="../../walk1/3/default" />
        </imgdir>
        <imgdir name="4">
            <uol name="default" value="../../walk1/4/default" />
        </imgdir>
        <imgdir name="5">
            <uol name="default" value="../../walk1/5/default" />
        </imgdir>
    </imgdir>
    <imgdir name="sit">
        <imgdir name="0">
            <uol name="default" value="../../walk1/0/default" />
        </imgdir>
        <imgdir name="1">
            <uol name="default" value="../../walk1/1/default" />
        </imgdir>
        <imgdir name="2">
            <uol name="default" value="../../walk1/2/default" />
        </imgdir>
        <imgdir name="3">
            <uol name="default" value="../../walk1/3/default" />
        </imgdir>
        <imgdir name="4">
            <uol name="default" value="../../walk1/4/default" />
        </imgdir>
        <imgdir name="5">
            <uol name="default" value="../../walk1/5/default" />
        </imgdir>
    </imgdir>
    <imgdir name="ladder">
        <imgdir name="0">
            <uol name="default" value="../../walk1/0/default" />
        </imgdir>
        <imgdir name="1">
            <uol name="default" value="../../walk1/1/default" />
        </imgdir>
        <imgdir name="2">
            <uol name="default" value="../../walk1/2/default" />
        </imgdir>
        <imgdir name="3">
            <uol name="default" value="../../walk1/3/default" />
        </imgdir>
        <imgdir name="4">
            <uol name="default" value="../../walk1/4/default" />
        </imgdir>
        <imgdir name="5">
            <uol name="default" value="../../walk1/5/default" />
        </imgdir>
    </imgdir>
    <imgdir name="rope">
        <imgdir name="0">
            <uol name="default" value="../../walk1/0/default" />
        </imgdir>
        <imgdir name="1">
            <uol name="default" value="../../walk1/1/default" />
        </imgdir>
        <imgdir name="2">
            <uol name="default" value="../../walk1/2/default" />
        </imgdir>
        <imgdir name="3">
            <uol name="default" value="../../walk1/3/default" />
        </imgdir>
        <imgdir name="4">
            <uol name="default" value="../../walk1/4/default" />
        </imgdir>
        <imgdir name="5">
            <uol name="default" value="../../walk1/5/default" />
        </imgdir>
    </imgdir>
</imgdir>