<?xml version="1.0" encoding="utf-8" standalone="yes"?>
<imgdir name="01032031.img">
    <imgdir name="info">
        <canvas name="icon" width="30" height="31">
            <vector name="origin" x="-1" y="31" />
        </canvas>
        <canvas name="iconRaw" width="30" height="27">
            <vector name="origin" x="-1" y="31" />
        </canvas>
        <string name="islot" value="Ae" />
        <string name="vslot" value="Ae" />
        <int name="reqJob" value="0" />
        <int name="reqLevel" value="120" />
        <int name="reqSTR" value="0" />
        <int name="reqDEX" value="0" />
        <int name="reqINT" value="0" />
        <int name="reqLUK" value="0" />
        <int name="incMDD" value="100" />
        <int name="incMMP" value="30" />
        <int name="incACC" value="3" />
        <int name="price" value="28000" />
        <int name="cash" value="0" />
        <int name="tuc" value="5" />
        <int name="equipTradeBlock" value="1" />
        <imgdir name="level">
            <imgdir name="info">
                <imgdir name="1">
                    <int name="incSTRMin" value="0" />
                    <int name="incSTRMax" value="1" />
                    <int name="incDEXMin" value="0" />
                    <int name="incDEXMax" value="1" />
                    <int name="incINTMin" value="0" />
                    <int name="incINTMax" value="1" />
                    <int name="incLUKMin" value="0" />
                    <int name="incLUKMax" value="1" />
                    <int name="incMHPMin" value="5" />
                    <int name="incMHPMax" value="20" />
                    <int name="exp" value="80" />
                </imgdir>
                <imgdir name="2">
                    <int name="incSTRMin" value="0" />
                    <int name="incSTRMax" value="1" />
                    <int name="incDEXMin" value="0" />
                    <int name="incDEXMax" value="1" />
                    <int name="incINTMin" value="0" />
                    <int name="incINTMax" value="1" />
                    <int name="incLUKMin" value="0" />
                    <int name="incLUKMax" value="1" />
                    <int name="incMHPMin" value="5" />
                    <int name="incMHPMax" value="20" />
                    <int name="exp" value="90" />
                </imgdir>
                <imgdir name="3">
                    <int name="incSTRMin" value="0" />
                    <int name="incSTRMax" value="1" />
                    <int name="incDEXMin" value="0" />
                    <int name="incDEXMax" value="1" />
                    <int name="incINTMin" value="0" />
                    <int name="incINTMax" value="1" />
                    <int name="incLUKMin" value="0" />
                    <int name="incLUKMax" value="1" />
                    <int name="incMHPMin" value="5" />
                    <int name="incMHPMax" value="20" />
                    <int name="exp" value="100" />
                </imgdir>
                <imgdir name="4">
                    <int name="incSTRMin" value="0" />
                    <int name="incSTRMax" value="1" />
                    <int name="incDEXMin" value="0" />
                    <int name="incDEXMax" value="1" />
                    <int name="incINTMin" value="0" />
                    <int name="incINTMax" value="1" />
                    <int name="incLUKMin" value="0" />
                    <int name="incLUKMax" value="1" />
                    <int name="incMHPMin" value="5" />
                    <int name="incMHPMax" value="20" />
                    <int name="exp" value="110" />
                </imgdir>
                <imgdir name="5">
                    <int name="incSTRMin" value="0" />
                    <int name="incSTRMax" value="1" />
                    <int name="incDEXMin" value="0" />
                    <int name="incDEXMax" value="1" />
                    <int name="incINTMin" value="0" />
                    <int name="incINTMax" value="1" />
                    <int name="incLUKMin" value="0" />
                    <int name="incLUKMax" value="1" />
                    <int name="incMHPMin" value="5" />
                    <int name="incMHPMax" value="20" />
                    <int name="exp" value="120" />
                </imgdir>
                <imgdir name="6">
                    <int name="exp" value="0" />
                </imgdir>
            </imgdir>
            <imgdir name="case">
                <imgdir name="0">
                    <int name="prob" value="9" />
                </imgdir>
            </imgdir>
        </imgdir>
        <int name="charmEXP" value="90" />
    </imgdir>
    <imgdir name="default">
        <canvas name="default" width="35" height="11">
            <vector name="origin" x="15" y="22" />
            <imgdir name="map">
                <vector name="brow" x="-2" y="-38" />
            </imgdir>
            <string name="z" value="accessoryEar" />
        </canvas>
    </imgdir>
    <imgdir name="backDefault">
        <canvas name="default" width="37" height="9">
            <vector name="origin" x="15" y="3" />
            <imgdir name="map">
                <vector name="brow" x="-1" y="-20" />
            </imgdir>
            <string name="z" value="backAccessoryEar" />
        </canvas>
    </imgdir>
    <imgdir name="walk1">
        <imgdir name="0">
            <uol name="default" value="../../default/default" />
        </imgdir>
        <imgdir name="1">
            <uol name="default" value="../../default/default" />
        </imgdir>
        <imgdir name="2">
            <uol name="default" value="../../default/default" />
        </imgdir>
        <imgdir name="3">
            <uol name="default" value="../../default/default" />
        </imgdir>
    </imgdir>
    <imgdir name="walk2">
        <imgdir name="0">
            <uol name="default" value="../../default/default" />
        </imgdir>
        <imgdir name="1">
            <uol name="default" value="../../default/default" />
        </imgdir>
        <imgdir name="2">
            <uol name="default" value="../../default/default" />
        </imgdir>
        <imgdir name="3">
            <uol name="default" value="../../default/default" />
        </imgdir>
    </imgdir>
    <imgdir name="stand1">
        <imgdir name="0">
            <uol name="default" value="../../default/default" />
        </imgdir>
        <imgdir name="1">
            <uol name="default" value="../../default/default" />
        </imgdir>
        <imgdir name="2">
            <uol name="default" value="../../default/default" />
        </imgdir>
    </imgdir>
    <imgdir name="stand2">
        <imgdir name="0">
            <uol name="default" value="../../default/default" />
        </imgdir>
        <imgdir name="1">
            <uol name="default" value="../../default/default" />
        </imgdir>
        <imgdir name="2">
            <uol name="default" value="../../default/default" />
        </imgdir>
    </imgdir>
    <imgdir name="alert">
        <imgdir name="0">
            <uol name="default" value="../../default/default" />
        </imgdir>
        <imgdir name="1">
            <uol name="default" value="../../default/default" />
        </imgdir>
        <imgdir name="2">
            <uol name="default" value="../../default/default" />
        </imgdir>
    </imgdir>
    <imgdir name="swingO1">
        <imgdir name="0">
            <uol name="default" value="../../default/default" />
        </imgdir>
        <imgdir name="1">
            <uol name="default" value="../../default/default" />
        </imgdir>
        <imgdir name="2">
            <uol name="default" value="../../default/default" />
        </imgdir>
    </imgdir>
    <imgdir name="swingO2">
        <imgdir name="0">
            <uol name="default" value="../../default/default" />
        </imgdir>
        <imgdir name="1">
            <uol name="default" value="../../default/default" />
        </imgdir>
        <imgdir name="2">
            <uol name="default" value="../../default/default" />
        </imgdir>
    </imgdir>
    <imgdir name="swingO3">
        <imgdir name="0">
            <uol name="default" value="../../default/default" />
        </imgdir>
        <imgdir name="1">
            <uol name="default" value="../../default/default" />
        </imgdir>
        <imgdir name="2">
            <uol name="default" value="../../default/default" />
        </imgdir>
    </imgdir>
    <imgdir name="swingOF">
        <imgdir name="0">
            <uol name="default" value="../../default/default" />
        </imgdir>
        <imgdir name="1">
            <uol name="default" value="../../backDefault/default" />
        </imgdir>
        <imgdir name="2">
            <uol name="default" value="../../default/default" />
        </imgdir>
        <imgdir name="3">
            <uol name="default" value="../../default/default" />
        </imgdir>
    </imgdir>
    <imgdir name="swingT1">
        <imgdir name="0">
            <uol name="default" value="../../default/default" />
        </imgdir>
        <imgdir name="1">
            <uol name="default" value="../../default/default" />
        </imgdir>
        <imgdir name="2">
            <uol name="default" value="../../default/default" />
        </imgdir>
    </imgdir>
    <imgdir name="swingT2">
        <imgdir name="0">
            <uol name="default" value="../../default/default" />
        </imgdir>
        <imgdir name="1">
            <uol name="default" value="../../default/default" />
        </imgdir>
        <imgdir name="2">
            <uol name="default" value="../../default/default" />
        </imgdir>
    </imgdir>
    <imgdir name="swingT3">
        <imgdir name="0">
            <uol name="default" value="../../default/default" />
        </imgdir>
        <imgdir name="1">
            <uol name="default" value="../../default/default" />
        </imgdir>
        <imgdir name="2">
            <uol name="default" value="../../default/default" />
        </imgdir>
    </imgdir>
    <imgdir name="swingTF">
        <imgdir name="0">
            <uol name="default" value="../../backDefault/default" />
        </imgdir>
        <imgdir name="1">
            <uol name="default" value="../../default/default" />
        </imgdir>
        <imgdir name="2">
            <uol name="default" value="../../default/default" />
        </imgdir>
        <imgdir name="3">
            <uol name="default" value="../../default/default" />
        </imgdir>
    </imgdir>
    <imgdir name="swingP1">
        <imgdir name="0">
            <uol name="default" value="../../default/default" />
        </imgdir>
        <imgdir name="1">
            <uol name="default" value="../../default/default" />
        </imgdir>
        <imgdir name="2">
            <uol name="default" value="../../default/default" />
        </imgdir>
    </imgdir>
    <imgdir name="swingP2">
        <imgdir name="0">
            <uol name="default" value="../../default/default" />
        </imgdir>
        <imgdir name="1">
            <uol name="default" value="../../default/default" />
        </imgdir>
        <imgdir name="2">
            <uol name="default" value="../../default/default" />
        </imgdir>
    </imgdir>
    <imgdir name="swingPF">
        <imgdir name="0">
            <uol name="default" value="../../default/default" />
        </imgdir>
        <imgdir name="1">
            <uol name="default" value="../../default/default" />
        </imgdir>
        <imgdir name="2">
            <uol name="default" value="../../default/default" />
        </imgdir>
        <imgdir name="3">
            <uol name="default" value="../../default/default" />
        </imgdir>
    </imgdir>
    <imgdir name="stabO1">
        <imgdir name="0">
            <uol name="default" value="../../default/default" />
        </imgdir>
        <imgdir name="1">
            <uol name="default" value="../../default/default" />
        </imgdir>
    </imgdir>
    <imgdir name="stabO2">
        <imgdir name="0">
            <uol name="default" value="../../default/default" />
        </imgdir>
        <imgdir name="1">
            <uol name="default" value="../../default/default" />
        </imgdir>
    </imgdir>
    <imgdir name="stabOF">
        <imgdir name="0">
            <uol name="default" value="../../default/default" />
        </imgdir>
        <imgdir name="1">
            <uol name="default" value="../../default/default" />
        </imgdir>
        <imgdir name="2">
            <uol name="default" value="../../default/default" />
        </imgdir>
    </imgdir>
    <imgdir name="stabT1">
        <imgdir name="0">
            <uol name="default" value="../../default/default" />
        </imgdir>
        <imgdir name="1">
            <uol name="default" value="../../default/default" />
        </imgdir>
        <imgdir name="2">
            <uol name="default" value="../../default/default" />
        </imgdir>
    </imgdir>
    <imgdir name="stabT2">
        <imgdir name="0">
            <uol name="default" value="../../default/default" />
        </imgdir>
        <imgdir name="1">
            <uol name="default" value="../../default/default" />
        </imgdir>
        <imgdir name="2">
            <uol name="default" value="../../default/default" />
        </imgdir>
    </imgdir>
    <imgdir name="stabTF">
        <imgdir name="0">
            <uol name="default" value="../../default/default" />
        </imgdir>
        <imgdir name="1">
            <uol name="default" value="../../default/default" />
        </imgdir>
        <imgdir name="2">
            <uol name="default" value="../../default/default" />
        </imgdir>
        <imgdir name="3">
            <uol name="default" value="../../default/default" />
        </imgdir>
    </imgdir>
    <imgdir name="shoot1">
        <imgdir name="0">
            <uol name="default" value="../../default/default" />
        </imgdir>
        <imgdir name="1">
            <uol name="default" value="../../default/default" />
        </imgdir>
        <imgdir name="2">
            <uol name="default" value="../../default/default" />
        </imgdir>
    </imgdir>
    <imgdir name="shoot2">
        <imgdir name="0">
            <uol name="default" value="../../default/default" />
        </imgdir>
        <imgdir name="1">
            <uol name="default" value="../../default/default" />
        </imgdir>
        <imgdir name="2">
            <uol name="default" value="../../default/default" />
        </imgdir>
        <imgdir name="3">
            <uol name="default" value="../../default/default" />
        </imgdir>
        <imgdir name="4">
            <uol name="default" value="../../default/default" />
        </imgdir>
    </imgdir>
    <imgdir name="shootF">
        <imgdir name="0">
            <uol name="default" value="../../default/default" />
        </imgdir>
        <imgdir name="1">
            <uol name="default" value="../../default/default" />
        </imgdir>
        <imgdir name="2">
            <uol name="default" value="../../default/default" />
        </imgdir>
    </imgdir>
    <imgdir name="proneStab">
        <imgdir name="0">
            <uol name="default" value="../../default/default" />
        </imgdir>
        <imgdir name="1">
            <uol name="default" value="../../default/default" />
        </imgdir>
    </imgdir>
    <imgdir name="prone">
        <imgdir name="0">
            <uol name="default" value="../../default/default" />
        </imgdir>
    </imgdir>
    <imgdir name="heal">
        <imgdir name="0">
            <uol name="default" value="../../default/default" />
        </imgdir>
        <imgdir name="1">
            <uol name="default" value="../../default/default" />
        </imgdir>
        <imgdir name="2">
            <uol name="default" value="../../default/default" />
        </imgdir>
    </imgdir>
    <imgdir name="fly">
        <imgdir name="0">
            <uol name="default" value="../../default/default" />
        </imgdir>
        <imgdir name="1">
            <uol name="default" value="../../default/default" />
        </imgdir>
    </imgdir>
    <imgdir name="jump">
        <imgdir name="0">
            <uol name="default" value="../../default/default" />
        </imgdir>
    </imgdir>
    <imgdir name="sit">
        <imgdir name="0">
            <uol name="default" value="../../default/default" />
        </imgdir>
    </imgdir>
    <imgdir name="ladder">
        <imgdir name="0">
            <uol name="default" value="../../backDefault/default" />
        </imgdir>
        <imgdir name="1">
            <uol name="default" value="../../backDefault/default" />
        </imgdir>
    </imgdir>
    <imgdir name="rope">
        <imgdir name="0">
            <uol name="default" value="../../backDefault/default" />
        </imgdir>
        <imgdir name="1">
            <uol name="default" value="../../backDefault/default" />
        </imgdir>
    </imgdir>
</imgdir>