<?xml version="1.0" encoding="utf-8" standalone="yes"?>
<imgdir name="01122082.img">
    <imgdir name="info">
        <canvas name="icon" width="32" height="31">
            <vector name="origin" x="0" y="31" />
        </canvas>
        <canvas name="iconRaw" width="32" height="31">
            <vector name="origin" x="0" y="31" />
        </canvas>
        <string name="islot" value="Pe" />
        <string name="vslot" value="Pe" />
        <int name="reqJob" value="0" />
        <int name="reqLevel" value="67" />
        <int name="reqSTR" value="0" />
        <int name="reqDEX" value="0" />
        <int name="reqINT" value="0" />
        <int name="reqLUK" value="0" />
        <int name="incSTR" value="3" />
        <int name="incDEX" value="3" />
        <int name="incINT" value="3" />
        <int name="incLUK" value="3" />
        <int name="incPDD" value="60" />
        <int name="incMDD" value="60" />
        <int name="incEVA" value="15" />
        <int name="tuc" value="3" />
        <int name="price" value="160000" />
        <int name="cash" value="0" />
    </imgdir>
</imgdir>