<?xml version="1.0" encoding="utf-8" standalone="yes"?>
<imgdir name="01122077.img">
    <imgdir name="info">
        <canvas name="icon" width="28" height="31">
            <vector name="origin" x="-2" y="31" />
        </canvas>
        <canvas name="iconRaw" width="28" height="31">
            <vector name="origin" x="-2" y="31" />
        </canvas>
        <string name="islot" value="Pe" />
        <string name="vslot" value="Pe" />
        <int name="reqJob" value="0" />
        <int name="reqLevel" value="77" />
        <int name="reqSTR" value="0" />
        <int name="reqDEX" value="0" />
        <int name="reqINT" value="0" />
        <int name="reqLUK" value="0" />
        <int name="tuc" value="3" />
        <int name="price" value="1" />
        <int name="notSale" value="1" />
        <int name="cash" value="0" />
        <int name="tradeBlock" value="1" />
        <int name="incPDD" value="70" />
        <int name="incMDD" value="70" />
        <int name="incMHPr" value="7" />
        <int name="durability" value="30000" />
        <int name="incSTR" value="2" />
        <int name="incDEX" value="2" />
        <int name="incINT" value="2" />
        <int name="incLUK" value="2" />
    </imgdir>
</imgdir>