<?xml version="1.0" encoding="utf-8" standalone="yes"?>
<imgdir name="01122007.img">
    <imgdir name="info">
        <canvas name="icon" width="30" height="29">
            <vector name="origin" x="-1" y="30" />
        </canvas>
        <canvas name="iconRaw" width="30" height="26">
            <vector name="origin" x="-1" y="30" />
        </canvas>
        <string name="islot" value="Pe" />
        <string name="vslot" value="Pe" />
        <int name="reqJob" value="0" />
        <int name="reqLevel" value="30" />
        <int name="reqSTR" value="0" />
        <int name="reqDEX" value="0" />
        <int name="reqINT" value="0" />
        <int name="reqLUK" value="0" />
        <int name="incSTR" value="1" />
        <int name="incDEX" value="1" />
        <int name="incINT" value="1" />
        <int name="incLUK" value="1" />
        <int name="incPDD" value="27" />
        <int name="incMDD" value="27" />
        <int name="incEVA" value="0" />
        <int name="tuc" value="3" />
        <int name="price" value="9600" />
        <int name="cash" value="0" />
    </imgdir>
</imgdir>